,pos,year,player_name,Ortg,usg,eFG,TS_per,ORB_per,DRB_per,AST_per,TO_per,FT_per,twoPM,twoPA,twoP_per,TPM,TPA,TP_per,blk_per,stl_per,ftr,porpag,adjoe,pfr,Rec Rank,adrtg,mp,ogbpm,dgbpm,oreb,dreb,treb,ast,stl,blk,pts,unk,ast/tov,rimmade/(rimmade+rimmiss),midmade/(midmade+midmiss),drtg,dporpag,stops,bpm,obpm,dbpm,gbpm,rating,test_score,diff,
41073,C,2011,thomas robinson,108.9,26.5,60.1,58.75,19.1,30.7,8,19.1,0.51,101,168,0.601,0,0,0,4.9,1.7,57.1,1.80665,122.043,5.6,94.6,80.9206,14.6061,3.17596,2.11141,2.2424,4.1818,6.4242,0.6061,0.4242,0.6667,7.6061,0,0.46515736,0.685,0.3415,85.2061,2.32295,124.984,6.06672,2.50859,3.55813,5.28736,28.15,41.8633337,13.7133337,
9300,C,2015,damian jones,103.6,26.3,55.4,57.39,9.7,16.5,5.9,18,0.606,174,312,0.558,1,5,0.2,7.3,1.2,67.2,2.90695,116.363,3.5,82.8,95.1792,29.1429,2.01529,1.09852,2.1714,4.3143,6.4857,0.7429,0.5714,2,14.4,0.316104,0.3421295,0.6667,0.4345,97.8264,3.2313,191.226,2.7378,0.448283,2.28951,3.11381,25.69,38.44275992,12.75275992,
22076,C,2011,john henson,98.1,23.4,50.1,50.18,12.7,25.3,5.8,17.9,0.479,181,358,0.506,1,6,0.167,11.6,1.2,39,1.95458,107.406,2.6,99.2,79.6651,26.7297,2.6459,4.67848,3.2432,6.8649,10.1081,0.8108,0.5946,3.1892,11.7027,0.33098,0.39472275,0.7361,0.3505,85.5676,4.36888,277.396,8.32823,0.14168,8.18655,7.32438,31.87,43.32032534,11.45032534,
24634,C,2014,justin jackson,104.2,24.4,53.2,52.38,13.6,17.4,14.8,18.3,0.46,160,301,0.532,0,0,0,12.1,3.7,41.9,2.40134,113.234,4.4,68.8,81.1917,27.7647,2.7021,6.29519,3.2353,4.0294,7.2647,1.7353,1.6176,2.9118,11.1176,0,0.88059471,0.6503,0.3504,83.5631,4.67187,230.53,11.6096,1.40187,10.2077,8.99728,20.83,31.05639595,10.22639595,
24351,C,2014,julius randle,111.2,26.2,50.4,56.59,13.4,24.7,10,18.7,0.706,193,374,0.516,3,18,0.167,2.6,1,73.7,4.08221,126.832,3,99.8,91.0035,30.825,4.90839,1.37976,3.5,6.925,10.425,1.425,0.5,0.775,14.975,0.875006,0.5643564,0.6701,0.3466,96.732,4.09889,249.652,5.23199,3.14857,2.08342,6.28816,35.97,46.17387622,10.20387622,
33444,C,2013,nerlens noel,109,18.2,59,58.26,10.4,22.3,9.5,19.1,0.529,98,166,0.59,0,0,0,13.2,3.9,62.7,2.61518,109.012,3.2,100,78.8597,31.875,3.95391,7.13561,2.7083,6.75,9.4583,1.5833,2.0833,4.4167,10.4583,0,0.84442666,0.7677,0.3284,81.3956,5.17641,227.307,12.8608,2.47414,10.3866,11.0895,42,51.31256585,9.312565847,
9301,C,2014,damian jones,97.6,23.9,54.3,54.93,8.7,15.9,2.3,17.9,0.545,138,254,0.543,0,0,0,5.7,0.7,52.8,1.63101,106.601,5.2,82.8,95.9152,25.9032,-1.40558,1.2689,1.8387,3.8387,5.6774,0.2258,0.2903,1.3871,11.2581,0,0.12499308,0.7192,0.3056,99.2836,3.01095,147.891,-1.63408,-2.90994,1.27587,-0.136676,25.69,34.98317385,9.293173851,
9299,C,2016,damian jones,106.8,26.4,59,58.45,9.9,17.3,10.2,16.3,0.536,184,309,0.595,0,3,0,5.9,0.5,53.8,2.96524,120.73,5,82.8,90.1802,26.2424,2.73371,2.72329,2.2424,4.6364,6.8788,1.1515,0.2424,1.6364,13.8788,0.198424,0.58460679,0.731,0.4275,94.8238,3.50456,177.996,5.45568,1.70399,3.75169,5.45701,25.69,34.92423788,9.234237875,
43288,C,2010,tyler zeller,107.4,23.9,52.1,55.7,11.6,15.7,3.2,16.6,0.722,100,190,0.526,0,2,0,4.9,1.6,37.5,1.84544,116.623,4.2,97,92.2834,17.3704,2.19765,1.48801,1.9259,2.7037,4.6296,0.2593,0.5185,0.8889,9.3333,0.232944,0.20590804,0.7561,0.4603,97.1863,2.04378,100.068,1.99924,0.777173,1.22207,3.68566,32.11,40.87033671,8.760336709,
32198,C,2013,mike muscala,116.8,31.7,51,57.21,12,29,18.6,10.9,0.788,218,423,0.515,4,16,0.25,7.7,1,50.6,5.30295,132.867,2.7,9.2,83.7836,32.0909,8.51832,3.9947,2.9697,8.3333,11.303,2.3333,0.5152,2.3333,18.8788,0.966799,1.35083659,0.6597,0.3966,83.836,4.69031,257.626,10.9448,4.83395,6.11084,12.513,37.58,46.00195554,8.421955543,
31469,C,2012,meyers leonard,112.5,22,58.6,61.77,9.1,23.5,9.9,18.7,0.732,169,280,0.604,1,11,0.091,6.9,0.9,43.6,3.62588,118.932,3.7,94.2,88.2181,31.8125,3.03494,3.23251,2.2812,5.9062,8.1875,1.3438,0.4688,1.875,13.5625,0.667608,0.63237645,0.7569,0.4412,94.6348,4.16046,210.3,6.54568,1.57784,4.96784,6.26746,29.69,38.01731599,8.327315991,
18172,C,2015,jahlil okafor,116.4,27.6,66.4,64.14,14.8,18.2,9.4,18.2,0.51,279,420,0.664,0,0,0,4.5,1.5,46.2,4.86364,134.278,2.8,100,87.7919,30.0789,7.26684,2.26927,3.5263,4.9474,8.4737,1.2895,0.7632,1.4211,17.2895,0,0.5158,0.7889,0.44,94.5347,4.1073,226.642,9.34057,5.72749,3.61308,9.53611,25.32,33.47364304,8.153643035,247.6684393
24636,C,2012,justin jackson,96.6,16.9,52,52.55,10.1,12.6,9.7,25.9,0.523,77,141,0.546,0,7,0,8.2,2.6,43.9,0.769453,96.3615,5.9,68.8,88.8726,21.0811,-2.20804,4.55853,1.9459,2.2703,4.2162,1.0541,0.8919,1.6486,5.0811,0.556863,0.70911538,0.6091,0.3226,91.8662,2.70487,157.479,6.74787,-0.254808,7.00268,2.35049,20.83,28.34141227,7.511412272,-247.6684393
26726,C,2013,khem birch,109.9,17,56.3,59.06,12,16.3,5.3,18.6,0.642,67,119,0.563,0,0,0,12,1.8,68.1,1.78585,108.916,3.7,97.4,82.3431,21.8462,2.02006,5.2956,2.3077,3.4231,5.7308,0.5769,0.6923,2.6154,7.1538,0,0.48385475,0.7059,0.3725,86.5249,3.28637,137.393,9.21504,0.686356,8.52869,7.31565,33.04,40.52479017,7.484790172,
28063,C,2010,lavoy allen,114.8,19.7,54.4,55.71,12.3,23.6,14.9,14.4,0.625,166,296,0.561,5,23,0.217,4.6,1,27.6,3.73947,117.222,2.6,78.8,82.7441,34.4571,4.30145,3.97642,3.5429,7.1714,10.7143,2.3714,0.5429,1.4286,11.4857,1.23155,1.56600418,0.7868,0.3688,86.2266,5.19519,258.252,9.94786,3.40173,6.54613,8.27787,34.42,41.26446495,6.844464951,
44836,C,2017,zach collins,120.6,24.8,67.6,70.32,12.2,23.2,4.4,20.2,0.743,125,186,0.672,10,21,0.476,9.8,1.5,71.5,2.57928,130.93,6.3,94.2,77.1749,17.2308,4.31375,5.66437,1.6923,4.2051,5.8974,0.4103,0.4615,1.7692,10,1.74739,0.26668833,0.748,0.5085,79.0742,3.09468,185.367,9.54386,2.60042,6.94344,9.97812,22.92,29.73205612,6.81205612,
31470,C,2011,meyers leonard,79.1,17.5,48.3,51.46,4.6,12.8,3.3,33.1,0.706,28,57,0.491,0,1,0,5.2,1.1,29.3,-0.165376,80.4576,7.4,94.2,91.1222,8.2424,-6.91448,2.55613,0.303,0.9394,1.2424,0.1515,0.1515,0.3939,2.0606,0.222768,0.19228329,0.6923,0.3226,98.6762,1.0202,48.9904,-1.48959,-4.74511,3.25552,-4.35835,29.69,36.3688548,6.678854796,
32427,C,2012,miles plumlee,117.3,17.6,61,62.05,16.6,22.7,5.1,20,0.632,89,146,0.61,0,0,0,4.2,1.5,52.1,2.35136,118.999,4.5,89.8,89.8214,20.5,3.67006,1.67681,2.9118,4.2059,7.1176,0.5294,0.5294,0.9412,6.6471,0,0.42855988,0.7143,0.4364,94.9681,2.5794,152.76,6.31222,3.27953,3.03269,5.34687,28.89,35.42118051,6.531180509,
40342,C,2014,tarik black,122.5,17.2,69.2,67.98,11.6,21.3,3.9,17.3,0.6,74,106,0.698,0,1,0,4,1.3,51.4,1.67492,124.294,8.3,87.8,91.1439,13.5152,2.0693,2.96575,1.2424,2.6364,3.8788,0.2727,0.303,0.5152,5.4848,0.129036,0.39124821,0.7949,0.4444,98.3238,1.79382,92.3762,5.8871,3.51465,2.37245,5.03505,27.38,33.18953965,5.809539654,
9577,C,2018,daniel gafford,115.9,23.8,60.5,59.43,11.2,20,6,11,0.528,164,271,0.605,0,0,0,11.5,1.4,59.4,3.07368,127.463,5.8,92.4,94.1192,22.5714,3.57638,2.30227,2.1714,4,6.1714,0.6857,0.5429,2.1714,11.8,0,0.6486614,0.7882,0.297,99.7084,2.73771,183.187,7.68631,2.60176,5.08454,5.87864,37.25,42.87498951,5.624989507,
22077,C,2010,john henson,95.7,20.5,49.7,49.15,10.7,17.8,10.9,20.4,0.438,84,163,0.515,4,18,0.222,9.4,2.5,40.3,0.851313,101.291,2.7,99.2,86.8228,15.8649,2.36556,4.81963,1.6216,2.8108,4.4324,0.9189,0.7297,1.5676,5.7297,1.67613,0.75555009,0.8548,0.3103,92.0505,2.16987,149.79,7.42647,0.405596,7.02087,7.1852,31.87,37.01225688,5.142256881,
35082,C,2011,perry jones iii,108.7,21.3,54.7,57.68,9.6,15.9,7.5,19,0.685,155,279,0.556,2,10,0.2,3,0.9,43.9,3.25933,114.12,2.9,98.8,95.7841,33.8621,2.41683,0.507393,2.5862,4.5862,7.1724,1.1379,0.5172,0.8966,13.8966,0.602041,0.49253341,0.8505,0.3721,97.7252,3.64363,172.136,2.50737,1.54514,0.962232,2.92422,21.52,26.35961935,4.839619349,
41681,C,2016,tony parker,104.3,25.5,53.9,53.56,14,20.3,5.2,14.7,0.493,164,304,0.539,0,0,0,4,1.4,49.3,2.43321,116.227,5.1,95.4,95.8445,25.0625,1.86129,0.360192,3.25,4.9375,8.1875,0.6562,0.625,0.9688,12.5625,0,0.38885925,0.6195,0.3737,102.009,2.84638,175.033,2.11664,0.899229,1.21741,2.22148,30.6,35.40239897,4.802398972,
19494,C,2012,jamychal green,105.5,27.5,55,58.5,10.5,19.1,14.9,21.2,0.69,134,239,0.561,2,10,0.2,6,1.6,51.8,3.44988,120.04,4.3,97.4,82.8538,29.2308,3.91347,3.66617,2.4231,4.9615,7.3846,1.7692,0.7308,1.5,13.9615,0.832916,0.65713327,0.7172,0.45,88.3598,4.36969,155.633,7.14856,1.84528,5.30328,7.57965,31.78,36.50837175,4.72837175,
40344,C,2012,tarik black,119.7,18.4,68.9,67.35,10.7,12,1.3,16.2,0.594,144,209,0.689,0,0,0,6.2,1.5,68.4,3.13396,121.398,5.1,87.8,91.6055,25.5714,2.85811,2.15352,2.0571,2.8,4.8571,0.1714,0.6286,1.5143,10.6571,0,0.13331259,0.7564,0.4906,94.278,3.05018,162.086,5.61055,3.03669,2.57385,5.01162,27.38,32.09469963,4.71469963,
8314,C,2012,cody zeller,127,24.2,62.3,66.45,11.3,16.8,9.5,14.4,0.755,200,321,0.623,0,0,0,4.3,2.9,67.3,5.39068,140.263,3.8,98.2,89.7389,28.4722,7.89301,3.05051,2.4167,4.1389,6.5556,1.25,1.3611,1.1667,15.6389,0,0.749985,0.7087,0.4066,94.7906,3.61699,222.304,11.0667,7.50783,3.55883,10.9435,38.74,42.89300092,4.153000921,
41619,C,2017,tony bradley,123.3,21.4,56.4,58.21,18.2,19,7.4,11.5,0.616,97,172,0.564,0,0,0,4.6,1,57.6,2.2608,132.834,5,95.2,89.8191,14.6053,5.13508,1.73424,2.5789,2.5526,5.1316,0.6053,0.2632,0.5789,7.0789,0,0.92004869,0.75,0.3099,96.9021,1.96324,112.527,8.31686,5.25593,3.06093,6.86932,41.14,45.1131648,3.973164795,
16121,C,2012,gorgui dieng,104.3,16.3,52.7,55.61,11.7,18.5,6.6,22.2,0.676,144,274,0.526,1,2,0.5,10.4,2.1,39.1,2.01259,103.605,4,91.6,79.3551,32.8,0.940436,5.93672,3.45,5.625,9.075,1.05,1.175,3.2,9.1,0.0903589,0.52499998,0.7339,0.3533,84.6546,5.28259,310.302,10.093,0.434521,9.6585,6.87716,36.98,40.88966425,3.909664247,
24597,C,2012,justin hamilton,110,22.6,49.8,55.31,11.8,15.3,7,15.4,0.781,155,308,0.503,3,12,0.25,4.7,1.5,42.8,3.21694,117.071,3.4,61.4,91.6276,30,3.53487,1.85584,3.303,3.9091,7.2121,0.9091,0.7576,1.303,12.9091,0.729903,0.52631273,0.621,0.4239,94.9102,3.56051,187.441,5.57075,2.12634,3.44442,5.3907,28.01,31.88891063,3.878910633,
37072,C,2012,robert sacre,111.7,22.9,51.1,59.52,9.9,18.1,5.7,18.1,0.761,117,227,0.515,0,2,0,5.8,0.8,86,2.81627,116.709,3.3,65.2,91.1277,26.2727,2.24699,1.77144,2.0303,4.2727,6.303,0.7273,0.3636,1.4242,11.6364,0.138079,0.400011,0.6625,0.4354,93.459,3.19885,171.815,4.18106,1.17504,3.00602,4.01842,21.93,25.31647591,3.386475906,
40345,C,2011,tarik black,106,20.9,52.8,54.67,14.4,11.3,3.2,16.3,0.587,122,231,0.528,0,0,0,7.3,2,54.5,1.75354,108.833,5.7,87.8,95.2126,22.6286,0.289426,1.23929,2.7429,2.2857,5.0286,0.3429,0.7714,1.6,9.0857,0,0.25534291,0.6325,0.2615,97.7187,2.46385,150.266,2.89374,0.274618,2.61912,1.52872,27.38,30.26604611,2.886046113,
19115,C,2011,james anderson,76.1,13,32.5,31.52,7.2,11.5,4.1,13,0.269,13,40,0.325,0,0,0,7.3,1.2,65,-0.412191,70.7093,9.3,6.2,91.3192,7.7333,-6.21937,2.16974,0.5,0.8333,1.3333,0.2,0.1667,0.5667,1.1,0,0.85726533,0.5714,0.2727,94.6968,0.943727,46.6915,-0.389612,-3.91701,3.5274,-4.04963,21.29,23.81409946,2.524099459,
32428,C,2011,miles plumlee,107.2,16.4,51.8,53.45,14.3,17.2,3.5,19.3,0.593,72,139,0.518,0,0,0,2.4,2,38.8,1.22401,107.044,5.6,89.8,85.4979,16.973,0.3459,2.14304,2.0811,2.8108,4.8919,0.3514,0.5946,0.4595,4.7568,0,0.37149802,0.6429,0.3273,89.9131,2.44002,136.535,4.21001,1.50016,2.70984,2.48894,28.89,31.25770376,2.367703762,
16667,C,2011,henry sims,100.1,17.5,57.8,56.9,8,18.9,16.2,27.4,0.5,48,82,0.585,0,1,0,4.8,1.2,45.8,0.752559,101.779,6,94.2,92.6367,14.0312,-0.888444,3.23712,0.8438,2.3125,3.1562,1.1875,0.2812,0.6562,3.5938,0.137517,1.08566471,0.7442,0.4054,99.3397,1.66305,85.6712,3.50565,-0.234341,3.73999,2.34867,24.77,27.07307278,2.303072776,
26725,C,2014,khem birch,117.8,19.6,51,56.9,13.9,20.3,7.6,12.8,0.693,125,245,0.51,0,0,0,10.9,1.2,77.1,3.29549,118.76,2.9,97.4,89.0476,31.4242,3.71298,4.33677,3.9697,6.2424,10.2121,1.2121,0.6364,3.7576,11.5455,0,0.90909775,0.6228,0.2727,90.5787,4.39771,246.245,9.55192,2.34033,7.2116,8.04974,33.04,35.30405403,2.264054029,
21978,C,2017,john collins,124.8,29.2,62.2,65.76,16.4,25.7,4.5,13.2,0.745,234,375,0.624,0,1,0,6.6,1.3,58.5,5.34367,145.671,4.5,63.2,97.0491,26.6061,9.03017,0.214696,3.7576,6.0606,9.8182,0.5152,0.6364,1.5758,19.1515,0.0631074,0.27871248,0.7534,0.443,103.87,2.94366,198.91,6.78591,5.72858,1.05733,9.24487,46.6,48.63805418,2.038054185,
37073,C,2011,robert sacre,110.7,25,49.1,58.39,12,16.8,8.5,19.5,0.825,135,274,0.493,0,1,0,8,1.7,68.7,2.95552,119.113,4.2,65.2,89.4159,26.1176,2.58715,2.72336,2.5,3.9412,6.4412,1.1176,0.7647,1.8529,12.5294,0.0658215,0.51348492,0.6545,0.3841,92.7907,3.37475,195.015,6.54251,1.28283,5.25968,5.31051,21.93,23.88381378,1.953813784,
41682,C,2015,tony parker,104.7,24.6,54.3,55.68,12.3,18.1,3.6,16.9,0.575,150,276,0.543,0,0,0,4.2,1.3,58,2.47283,116.5,5.6,95.4,94.7195,24.6471,1.06111,0.290351,2.7353,4,6.7353,0.4118,0.5588,0.9118,11.5294,0,0.23730768,0.6509,0.3738,99.1878,2.77483,163.764,1.29467,0.75454,0.540125,1.35146,30.6,32.37714306,1.777143064,
41683,C,2014,tony parker,107.6,19.7,60.2,58.37,12.5,17.4,1.4,16.3,0.468,109,181,0.602,0,0,0,4.4,1.3,42.5,1.38403,111.597,6.8,95.4,95.365,17.2432,-1.02865,-0.271557,1.7838,2.6486,4.4324,0.1351,0.4054,0.6216,6.8649,0,0.13884893,0.7339,0.3158,99.8816,2.03963,123.23,-0.129992,-0.191627,0.0616343,-1.30021,30.6,32.24074166,1.640741658,
27820,C,2010,lance thomas,99.1,13.5,43.9,50.22,10.4,11,6.1,26.9,0.743,68,155,0.439,0,0,0,0.8,1.4,47.7,0.856023,95.4928,4.8,94.8,89.3258,25.25,-0.837577,2.36188,2.35,2.5,4.85,0.9,0.6,0.2,4.775,0,0.59016393,0.6026,0.2692,94.5901,3.25753,167.533,4.64729,1.30009,3.3472,1.52431,18.86,20.44668036,1.586680357,
13926,C,2010,ekpe udoh,110.5,23,49.1,52.99,12.8,17.6,14.7,17.9,0.692,178,358,0.497,7,26,0.269,11,1.4,41.4,4.21518,120.227,2.8,47.4,88.0061,35.4571,4.87541,3.96362,3.6,6.1143,9.7143,2.7429,0.8286,3.7429,13.9143,1.24524,1.11631598,0.7156,0.4016,93.4571,4.70314,273.986,11.5652,4.36662,7.19855,8.83903,23.32,24.89218833,1.572188331,
2056,C,2010,andrew nicholson,112.5,24,56.1,59.67,9.1,17.9,3.7,14.8,0.76,189,337,0.561,0,0,0,6.6,0.4,37.1,3.72714,121.2,4,10.6,99.7134,30.2759,3.05449,0.0396227,2.3448,4.8276,7.1724,0.4828,0.2069,1.8966,16.3103,0,0.25927716,0.7425,0.3824,101.019,2.81462,169.169,1.74362,1.14214,0.601477,3.09411,25.72,27.24027218,1.520272175,
43286,C,2012,tyler zeller,121.2,24.4,55.3,61.56,14.1,20.2,6.3,15.3,0.808,220,398,0.553,0,0,0,5.3,1.7,56.3,4.62374,133.178,3.8,97,84.3171,28.1579,6.60917,3.30406,3.8421,5.7632,9.6053,0.9474,0.8947,1.5263,16.3421,0,0.49315494,0.6794,0.4906,88.5932,4.09334,257.763,10.0044,5.44846,4.55591,9.91323,32.11,33.45470626,1.344706263,
24635,C,2013,justin jackson,82.5,18.2,42.3,44.09,9.5,20.4,15.8,32.3,0.512,45,99,0.455,1,11,0.091,7.8,3.2,39.1,-0.0789536,84.0245,5.5,68.8,79.6071,18.8,-2.69307,5.76329,1.6333,3.4333,5.0667,1.4667,0.9667,1.3667,3.8333,1.19778,0.81483333,0.5893,0.2791,82.306,2.99525,138.974,5.69448,-2.7268,8.42128,3.07022,20.83,22.15088583,1.320885834,
8332,C,2010,cole aldrich,116.9,20.2,56.2,59.61,13.6,25.4,5.8,16.4,0.679,149,265,0.562,0,0,0,13,1.6,60,3.38383,122.431,3.8,94.8,77.6247,26.75,4.74326,5.24154,3.0556,6.7778,9.8333,0.8611,0.75,3.4722,11.2778,0,0.55354846,0.7302,0.4101,82.6828,4.50588,264.514,11.6948,3.18819,8.50663,9.9848,36.35,37.35177788,1.001777877,
44385,C,2015,willie cauley stein,115.8,18.3,57.2,58.79,11.1,17.3,7.4,16.2,0.617,135,236,0.572,0,0,0,7.1,2.9,54.2,2.78798,118.634,3.1,91.6,74.9298,25.9487,5.07159,6.25944,2.2821,4.1538,6.4359,0.9744,1.2051,1.7179,8.9487,0,0.79168017,0.7518,0.3125,79.0904,4.67976,235.411,12.7451,4.42742,8.31771,11.331,38.29,39.12424378,0.834243782,
20853,C,2014,jerami grant,115.6,21.4,49.6,54.74,9.1,17.2,9.4,11.3,0.674,133,263,0.506,0,5,0,2.5,1.7,66.4,3.74525,122.944,3,90.6,92.424,31.4062,3.38554,1.83139,2.4375,4.3438,6.7812,1.375,0.8125,0.5625,12.0625,0.326018,1.18924056,0.6822,0.3333,97.8648,4.02905,166.665,4.63048,2.57061,2.05987,5.21693,35.63,36.34839976,0.718399762,
23879,C,2015,josh smith,101.6,16.5,52,55.49,11.7,20.8,2.9,22.2,0.622,26,50,0.52,0,0,0,2.2,1.5,74,0.424566,100.291,3.9,57.2,90.5919,9.5484,-0.348933,1.71179,0.9677,1.7419,2.7097,0.129,0.2258,0.1935,2.4194,0,0.23522975,0.5806,0.4211,95.3781,1.20989,57.3555,-0.0602894,-1.62079,1.5605,1.36285,36.73,37.30468084,0.574680837,
12244,C,2013,dewayne dedmon,96.5,19,50,52.44,11.7,24.2,5.8,22.2,0.681,88,173,0.509,0,3,0,10,2.9,26.7,1.14207,100.248,5.4,48.6,84.1827,22.2903,-0.0909662,4.94535,2.2581,4.7097,6.9677,0.6129,1.0968,2.129,6.7097,0.25813,0.38776415,0.6667,0.3939,88.5165,3.1758,183.119,7.28103,-0.624662,7.90569,4.85438,38.85,39.34162301,0.491623007,
44386,C,2014,willie cauley stein,118.9,14.9,59.6,57.95,12.6,16.3,5.7,14.2,0.482,106,178,0.596,0,0,0,12.3,3,46.6,2.32829,116.807,4.5,91.6,85.7359,23.7838,4.0976,7.03824,2.5405,3.5405,6.0811,0.6757,1.1892,2.8649,6.8108,0,0.80651705,0.7281,0.3651,90.5407,3.5906,219.809,13.6395,3.88666,9.75286,11.1358,38.29,38.45635922,0.16635922,
19496,C,2010,jamychal green,101.7,29.4,49.5,54.09,11.9,18.5,9.3,19.4,0.695,162,322,0.503,0,5,0,6.8,2,50.2,2.9825,117.557,4.6,97.4,89.8915,27,2.2648,1.72935,2.7742,4.3871,7.1613,1.0645,0.871,1.6774,14.129,0.360474,0.41771308,0.596,0.4211,94.4698,3.4303,175.499,4.28597,0.560749,3.72522,3.99415,31.78,31.88612198,0.106121977,
30558,C,2013,mason plumlee,113.1,25.1,59.9,62.8,9.8,23.3,11.5,19.2,0.681,221,369,0.599,0,0,0,4,1.7,68.8,4.94503,126.353,2.9,94.8,84.9855,34.6667,5.39624,3.0227,2.75,7.2222,9.9722,1.9444,1,1.4444,17.0833,0,0.67959875,0.7412,0.3688,90.9172,4.9222,282.551,8.66358,3.98273,4.68084,8.41895,36.05,35.98062643,-0.069373569,
30560,C,2011,mason plumlee,103.7,17.2,59.3,56.82,11.2,23.8,10.5,24.7,0.441,112,187,0.599,0,2,0,5.8,2,49.2,1.65048,104.806,4,94.8,80.9889,25.6486,2.23207,4.80505,2.4595,5.8919,8.3514,1.5676,0.8919,1.6757,7.1622,0.119641,0.81692636,0.748,0.3125,85.1714,4.08853,243.473,8.83795,1.79522,7.04274,7.03711,36.05,35.86636508,-0.183634915,
27958,C,2010,larry sanders,112.8,26.1,54,56.35,13.1,25.2,7.7,13.8,0.641,192,351,0.547,4,16,0.25,9.1,1.6,45.5,3.51395,123.657,4.4,29.4,88.9952,26.8857,4.31436,2.02299,3.0286,6.0857,9.1143,0.9714,0.7429,2.5714,14.3714,0.997726,0.58620484,0.6884,0.3618,89.8001,3.47458,228.258,6.40892,2.22981,4.17911,6.33735,36.02,35.8227079,-0.197292098,
41684,C,2013,tony parker,96.7,19.7,54.1,52.49,6.5,13.8,0.9,14.1,0.438,33,61,0.541,0,0,0,4.1,0.6,52.5,0.339754,101.091,10.4,95.4,95.4459,6.2727,-5.32275,0.145565,0.3636,0.8182,1.1818,0.0303,0.0606,0.2727,2.4242,0,0.1,0.5909,0.4444,99.5436,0.653063,37.3391,-3.45789,-2.47459,-0.983296,-5.17719,30.6,30.33820013,-0.261799866,
24598,C,2010,justin hamilton,120.4,14.5,61.7,64.27,13.9,13.4,2.9,17.8,0.7,74,120,0.617,0,0,0,4.8,0.7,58.3,2.10755,114.579,4.3,61.4,93.9418,21.3871,2.05068,2.02226,2.6774,2.7097,5.3871,0.3226,0.2581,1.0645,6.3548,0,0.33336778,0.6923,0.5588,100.782,2.37825,121.196,5.18199,2.59318,2.58881,4.07293,28.01,27.57466167,-0.435338334,
16668,C,2010,henry sims,84,16,50,52.81,7.2,17.2,6.2,33.7,0.565,13,23,0.565,0,3,0,7,1,88.5,-0.0594076,83.173,5.5,94.2,92.0672,6.7143,-3.62133,2.64003,0.3571,1,1.3571,0.25,0.1071,0.4286,1.3929,0.951429,0.41179377,0.6923,0.4,98.1582,0.802346,35.8202,-0.044385,-3.02506,2.98068,-0.981295,24.77,24.11900804,-0.650991961,
20749,C,2011,jeff withey,109,19.8,64.7,61.4,15.4,17.2,5.2,21.2,0.515,22,34,0.647,0,0,0,12.5,1.8,97.1,0.539919,111.234,6.7,94.6,82.9724,6.2308,0.100703,4.76035,0.7692,1,1.7692,0.1923,0.1923,0.7308,2.3462,0,0.41668475,0.625,0.7,86.8141,0.950334,39.9367,9.71848,1.90914,7.80934,4.86106,41.04,40.31517165,-0.724828349,
8313,C,2013,cody zeller,119.4,26.5,56.2,62.26,12.4,18.7,9.4,17.1,0.757,199,352,0.565,0,2,0,4.4,2.1,73.2,5.23894,136.731,3,98.2,83.5675,29.5278,6.89924,3.10171,2.8333,5.2222,8.0556,1.3056,1.0278,1.25,16.5,0.111637,0.58026669,0.6261,0.4348,88.1328,4.30792,237.616,9.61322,5.41262,4.2006,10.0009,38.74,37.80206379,-0.937936214,
16122,C,2011,gorgui dieng,113,18.5,61.8,60.88,13.4,18.3,8.2,19,0.538,68,109,0.624,0,1,0,13.7,1.7,47.3,1.52568,114.777,5.6,91.6,84.0792,15.5517,1.73786,5.16395,1.8276,2.5862,4.4138,0.6552,0.4483,1.931,5.6552,0.130427,0.70375941,0.7385,0.4545,88.3349,2.2925,105.295,10.1501,1.03453,9.11561,6.90181,36.98,35.95826527,-1.021734728,
39431,C,2016,skal labissiere,105.5,20.9,51.6,54,7.3,14.6,3.6,16.3,0.661,98,188,0.521,0,2,0,10.3,0.9,32.6,1.32904,112.492,7.6,99.8,91.4025,15.75,-1.36423,3.46701,0.9722,2.1667,3.1389,0.3056,0.25,1.6389,6.5833,0.206139,0.33336968,0.6607,0.4621,95.6059,2.03132,118.717,5.09141,0.0929794,4.99843,2.10278,33.27,32.14038888,-1.129611121,
41074,C,2010,thomas robinson,88.1,24.8,48.5,46.93,17.2,23,6.7,25.3,0.395,33,68,0.485,0,0,0,7.7,1.7,63.2,0.271294,96.7849,7.3,94.6,80.6622,7.1212,-4.04083,1.5962,1.0303,1.6364,2.6667,0.2727,0.2121,0.5455,2.5152,0,0.34610994,0.6,0.3214,85.828,1.12428,58.7087,1.9088,-2.19677,4.10557,-2.44464,28.15,26.93829136,-1.211708642,
40343,C,2013,tarik black,100.7,19.9,58.9,56.06,10.1,16,4.1,18.6,0.448,103,175,0.589,0,0,0,3.1,1.9,66.3,1.17466,101.711,6.3,87.8,89.6753,20.7188,-1.3024,1.494,1.7812,3.0312,4.8125,0.4375,0.6875,0.625,8.0625,0,0.32556929,0.6612,0.4259,92.8247,2.58442,131.103,0.603597,-0.635409,1.23901,0.191601,27.38,26.07518962,-1.304810376,
44387,C,2013,willie cauley stein,103.5,19.9,62.1,57.66,12,17.2,8,20.8,0.372,105,169,0.621,0,0,0,8.4,2.1,50.9,1.75236,106.872,4.1,91.6,87.4122,23.5517,2.19092,3.18567,2.3103,3.8621,6.1724,0.931,0.8276,2.069,8.3448,0,0.56246979,0.8119,0.3382,90.3763,3.11882,155.769,6.29739,1.47138,4.82601,5.37659,38.29,36.74735795,-1.542642048,
16120,C,2013,gorgui dieng,112.6,18.2,53.4,56.23,12.9,22.1,12.3,18.9,0.652,125,234,0.534,0,0,0,9.4,2.6,47.9,3.38553,117.22,3.3,91.6,76.177,31.0909,4.59809,5.83893,3.4242,5.9697,9.3939,2,1.3333,2.5152,9.7879,0,1.11863081,0.6827,0.4154,81.001,5.26508,252.025,13.4759,3.72605,9.74983,10.437,36.98,34.70310589,-2.276894106,
20748,C,2012,jeff withey,117.9,17.8,53.6,61.38,10.2,18.4,5.6,16.7,0.795,113,211,0.536,0,0,0,15.3,1.5,73.9,3.00826,120.741,4,94.6,79.504,24.8205,3.42545,6.81454,2.0769,4.2051,6.2821,0.7436,0.641,3.5897,8.9744,0,0.59184974,0.6587,0.35,84.7272,4.02171,239.938,12.3539,1.99642,10.3575,10.24,41.04,38.4740706,-2.5659294,
22075,C,2012,john henson,107.4,21.9,50,50.51,9.1,25.1,8,11,0.511,205,410,0.5,0,0,0,9.6,1.1,32.9,2.86245,114.136,2.2,99.2,81.493,29.1143,3.96186,4.48594,2.5429,7.4,9.9429,1.2571,0.5714,2.8857,13.6857,0,0.97775533,0.7217,0.4136,85.5966,4.51549,270.434,9.29592,1.93911,7.35681,8.4478,31.87,29.16024331,-2.709756689,
30559,C,2012,mason plumlee,107,22.4,57.2,56.8,12,24.5,11.7,19.9,0.528,143,250,0.572,0,0,0,5.2,1.6,70.4,2.93792,115.782,3.6,94.8,88.5568,28.3529,3.74099,2.73119,2.9118,6.2647,9.1765,1.6176,0.7647,1.6176,11.1471,0,0.74321153,0.6923,0.3723,93.6311,3.691,221.67,7.27149,2.41226,4.85923,6.47218,36.05,33.30220473,-2.747795273,
11578,C,2010,derrick favors,109,21.8,61.5,62.31,12.5,20.2,7.3,22.9,0.628,177,287,0.617,0,1,0,7.8,1.8,47.6,3.13216,118.341,3.8,100,84.2157,27.7714,3.82367,3.68395,3.0571,5.5714,8.6286,0.9429,0.8857,2.0571,12.5714,0.0579349,0.38374508,0.7829,0.3571,88.5618,4.06076,235.754,8.92075,2.8466,6.07414,7.50762,47.17,43.79969457,-3.370305431,
23880,C,2014,josh smith,74.5,14.9,35.2,37.57,6.2,18.3,3.5,23.9,0.5,19,54,0.352,0,0,0,2.2,0.4,33.3,-0.572087,71.4229,5.2,57.2,91.425,9.9667,-7.01798,1.0736,0.5,1.6,2.1,0.1667,0.0667,0.2,1.5667,0,0.31258206,0.4762,0.2727,95.4866,1.29614,49.8325,-4.77036,-6.13367,1.36332,-5.94439,36.73,31.96869435,-4.761305653,
13725,C,2010,ed davis,112,21.5,57.8,60.66,10.8,24.2,6.8,18.3,0.659,111,192,0.578,0,0,0,9.5,0.9,68.8,3.0751,117.694,2.6,98.2,87.8784,27.8696,3.62077,3.19261,2.8696,6.6957,9.5652,0.9565,0.4348,2.7826,13.4348,0,0.47825,0.84,0.4621,92.5656,3.71526,160.882,7.56537,1.89527,5.6701,6.81338,40.34,35.5740747,-4.765925304,
43287,C,2011,tyler zeller,120.8,22.8,54.7,59.99,10.8,15.2,4.4,11.5,0.763,210,384,0.547,0,0,0,4.2,1.4,54.9,4.40524,131.536,3.8,97,87.1484,28.1351,5.77187,3.0424,2.8919,4.3514,7.2432,0.6216,0.7297,1.2162,15.7027,0,0.45996741,0.7623,0.4466,93.6054,3.87047,223.168,8.04261,4.69588,3.34673,8.81427,32.11,26.71259669,-5.397403308,
39926,C,2013,steven adams,109.7,18,57.1,55.46,15.3,19.1,5.4,16.9,0.443,100,175,0.571,0,0,0,11.2,1.9,40,1.99486,109.998,2.8,99.2,83.1502,23.4062,3.36616,3.72734,2.8125,3.5312,6.3438,0.625,0.6562,2.0312,7.2188,0,0.57140248,0.6589,0.3261,86.5013,3.44551,158.07,9.76937,2.06394,7.70544,7.0935,48.08,42.36602045,-5.713979551,
30561,C,2010,mason plumlee,98.6,17.4,47.2,48.89,9.1,15.2,11.3,23,0.543,47,98,0.48,2,8,0.25,6.1,2.3,43.4,0.774768,101.505,6.1,94.8,82.4137,14.1471,-0.605796,4.98865,1.1471,1.9412,3.0882,0.8824,0.5294,0.8824,3.6765,0.998679,0.93752652,0.6667,0.1842,88.0142,2.16444,104.635,7.30161,0.688791,6.61282,4.38286,36.05,30.24333659,-5.806663414,
21979,C,2016,john collins,110.3,23.5,54.7,58.92,12.6,16.7,3.5,16.3,0.691,81,148,0.547,0,0,0,5,1.1,63.5,1.56539,119.529,7.4,63.2,99.4688,14.3871,1.35353,0.649195,1.6774,2.2581,3.9355,0.2258,0.2903,0.7419,7.3226,0,0.22579999,0.6627,0.4,107.265,1.46039,86.4562,0.750399,0.256339,0.49406,2.00272,46.6,40.11147457,-6.48852543,
2295,C,2012,anthony davis,133.8,19.1,62.8,65.41,11.6,23.9,7.5,10,0.709,207,317,0.653,3,20,0.15,13.7,2.5,60.2,5.9035,138.825,2.4,100,75.7599,32.025,9.09614,7.56117,2.975,7.4,10.375,1.25,1.35,4.65,14.175,0.931259,1.21951222,0.8736,0.3846,79.63,5.62176,360.572,17.668,7.54963,10.1184,16.6573,71.67,64.2710363,-7.398963699,
12245,C,2012,dewayne dedmon,98.5,21.3,55.1,55.28,12.6,17.6,3.6,19.3,0.537,65,117,0.556,0,1,0,4.7,2,34.7,1.44005,103.773,5.5,48.6,89.6805,23.25,-1.31719,2.15542,2.45,3,5.45,0.3,0.7,0.95,7.6,0.142254,0.20689655,0.8462,0.3175,93.3454,2.92177,91.0182,1.06602,-2.29326,3.35928,0.838229,38.85,31.23978552,-7.610214478,
16666,C,2012,henry sims,100.4,28.7,45.7,52.24,8.3,17.3,26.4,23,0.722,129,281,0.459,0,1,0,5.5,1.3,57.4,2.90914,116.247,3.9,94.2,85.6473,27.875,2.29764,3.54327,1.7812,4.2812,6.0625,3.3438,0.5938,1.3438,11.7188,0.0709527,1.15057468,0.597,0.3333,90.3295,3.87632,174.463,5.67824,0.829829,4.84841,5.84092,24.77,17.12714294,-7.642857059,
18283,C,2013,jakarr sampson,94.7,27.2,44.9,47.71,7.3,14.9,7.9,13.8,0.64,202,442,0.457,0,8,0,3.5,2.1,30.2,2.39299,107.376,3.5,92.6,91.3729,31.5152,1.4529,1.39816,2.1818,4.4242,6.6061,1.0606,1.0909,1.0909,14.8788,0.454826,0.53030002,0.6446,0.3863,96.0357,3.73378,204.051,0.765734,-0.703862,1.4696,2.85106,36.93,28.91353622,-8.016463775,
10810,C,2018,deandre ayton,126.7,26.2,62.5,64.98,13.5,28.2,10.2,13.1,0.733,264,416,0.635,12,35,0.343,6.1,1,42.4,6.07019,140.786,2.8,99.4,93.9647,33.4857,8.02725,1.87637,3.3714,8.2,11.5714,1.6286,0.5714,1.8857,20.1143,1.74757,0.82611341,0.8079,0.4225,97.464,4.06491,265.783,8.89899,5.46564,3.43335,9.90362,46.85,38.4279275,-8.422072499,
18282,C,2014,jakarr sampson,101.6,24.2,49.6,50.8,8,15.5,8.9,13.2,0.565,180,361,0.499,1,5,0.2,3.6,1.3,29.5,2.13386,109.916,3.8,92.6,94.9966,29,0.890922,0.846334,2.0606,4.0606,6.1212,1.1818,0.6364,0.9697,12.8485,0.307399,0.7499683,0.6667,0.3982,99.6889,3.42566,169.44,1.27807,-0.0463676,1.32444,1.73726,36.93,28.4249904,-8.5050096,
32715,C,2013,montrezl harrell,114.5,16.7,57.7,57.09,11.4,14.6,2.5,12.7,0.508,97,168,0.577,0,0,0,4.9,1.9,37.5,1.68891,115.759,3.1,84,83.4225,16.2,3.33385,2.49359,1.575,2.05,3.625,0.2,0.5,0.675,5.65,0,0.3478261,0.6935,0.25,88.1774,2.3513,123.603,5.70546,2.23038,3.47508,5.82745,55.19,46.26289123,-8.927108773,
19260,C,2015,james johnson,76.3,21,49.2,50.19,7.2,11.7,3,33.3,0.537,59,120,0.492,0,0,0,2.1,0.9,34.2,-0.779243,74.3512,6.8,85.8,110.11,17.7812,-7.83816,-1.70875,1.0938,1.9375,3.0312,0.2812,0.2188,0.3125,5.8125,0,0.13844033,0.5109,0.4286,108.207,1.03477,77.9117,-9.52673,-7.4036,-2.12313,-9.54691,35.42,25.15406297,-10.26593703,
32201,C,2010,mike muscala,107,21.3,47.4,51.89,7.6,16.2,7.5,11.2,0.806,110,231,0.476,6,20,0.3,9.6,0.7,28.7,1.62216,104.861,3.3,9.2,102.388,24.8333,0.717015,0.865896,1.6333,3.3,4.9333,0.7667,0.3,2.1667,9.8667,1.6452,0.7931106,0.6279,0.3862,99.414,2.0441,146.557,1.67157,-1.42871,3.10028,1.58291,37.58,27.27314381,-10.30685619,
25313,C,2015,karl anthony towns,122.7,24.2,57,62.72,14.1,22.2,11.5,16.6,0.813,143,248,0.577,2,8,0.25,11.4,1.4,52.3,3.50076,135.582,5.6,99.2,73.2127,21.1282,6.31975,6.80643,2.359,4.3333,6.6923,1.1282,0.4615,2.2564,10.2821,0.606421,0.8301693,0.719,0.4375,77.2779,3.93509,202.777,14.8828,5.63939,9.24336,13.1262,62.81,51.53914735,-11.27085265,
42668,C,2011,tristan thompson,107.4,23.1,54.6,53.65,13.9,13.6,8,14.5,0.487,172,315,0.546,0,0,0,7.2,1.8,82.9,3.18197,116.101,3.6,97.8,84.3695,30.9444,4.0139,3.79762,3.8333,4,7.8333,1.25,0.9444,2.3889,13.0833,0,0.70311623,0.7239,0.3553,88.6309,4.53819,237.951,9.71642,3.73655,5.97987,7.81152,36.83,24.53593622,-12.29406378,
11095,C,2010,demarcus cousins,113.5,30.8,56,57.93,19.9,24.9,9.2,16,0.604,205,363,0.565,1,6,0.167,7.5,2.4,72.6,3.90491,134.082,5.5,99.6,79.3387,23.5,6.16153,3.4411,4.0526,5.7895,9.8421,1,0.9737,1.7632,15.1316,0.377922,0.487187,0.7619,0.3497,83.3244,3.80857,242.468,9.60971,4.65779,4.95191,9.60263,58.71,44.48878821,-14.22121179,
1803,C,2012,andre drummond,100.7,20.8,53.8,50.93,14.2,15.5,3.4,16,0.295,157,290,0.541,0,2,0,9.9,1.8,30.1,2.01686,106.362,3.1,83.4,90.5331,28.4412,1.78075,2.5491,3.3529,4.2059,7.5588,0.4412,0.8235,2.7059,10,0.127848,0.28847914,0.7027,0.2571,95.5401,3.4961,200.006,5.56709,0.789686,4.7774,4.32984,47.66,32.99798201,-14.66201799,
19838,C,2017,jarrett allen,101.9,22.9,56.6,57.14,11,18.8,5.5,20.1,0.564,179,309,0.579,0,7,0,5,1,47.2,2.65605,111.598,2.6,96.8,91.3054,32.1515,2.13467,2.01551,3.0303,5.3939,8.4242,0.7879,0.5758,1.5455,13.3939,0.382352,0.3095266,0.7101,0.4765,99.0269,4.198,209.689,3.4387,-0.15881,3.59751,4.15017,55.65,39.36796628,-16.28203372,
12701,C,2015,domantas sabonis,118.4,21.9,65.6,66.38,13.2,24.2,7.7,20.2,0.661,137,209,0.656,0,0,0,1.5,1.2,55,2.77039,124.285,5.1,60.2,87.1714,21.6316,3.34384,1.48338,2.1316,4.8947,7.0263,0.8684,0.4474,0.3158,9.7105,0,0.55931983,0.7315,0.4545,90.7303,3.01955,171.557,5.34726,3.37698,1.97028,4.82722,57.09,35.50043744,-21.58956256,
21825,C,2014,joel embiid,112,24.4,62.9,65.5,12.7,27.3,11.5,24.1,0.685,106,166,0.639,1,5,0.2,11.7,2.3,83.6,2.92867,124.998,5.8,97.4,83.519,23.1071,4.24577,6.35075,2.3214,5.7857,8.1071,1.3571,0.8929,2.5714,11.1786,0.444178,0.57574986,0.8081,0.3846,90.0859,3.6851,176.276,12.7402,3.37781,9.36236,10.5965,76.47,52.49297207,-23.97702793,
